<?xml version="1.0" encoding="UTF-8"?>
<?xml-stylesheet type="text/xsl" href="studentWithTeachers.xsl"?>
<university>
	<!-- <teacher id="$1" departmentId="$3"><name>$2</name></teacher> -->

	<teacher id="100" departmentId="ИВЭ">
		<name>Пилиди В.С.</name>
	</teacher>
	<teacher id="110" departmentId="ИВЭ">
		<name>Литвиненко А.Н.</name>
	</teacher>
	<teacher id="120" departmentId="АДМ">
		<name>Абрамян М.Э.</name>
	</teacher>
	<teacher id="130" departmentId="АДМ">
		<name>Симоненко И.Б.</name>
	</teacher>
	<teacher id="140" departmentId="ВМФ">
		<name>Жуков М.Ю.</name>
	</teacher>
	<teacher id="150" departmentId="МАМ">
		<name>Белоконь А.В.</name>
	</teacher>
	<teacher id="160" departmentId="ИВЭ">
		<name>Савельев В.А.</name>
	</teacher>
	<teacher id="170" departmentId="ВМФ">
		<name>Цибулин В.Г.</name>
	</teacher>

	<!-- <student id="$1" tutorId="$4"><name>$2</name><group>$3</group></student> -->

	<student id="100" tutorId="110">
		<name>Иванов И.И.</name>
		<group>1</group>
	</student>
	<student id="110" tutorId="100">
		<name>Петрова П.П.</name>
		<group>2</group>
	</student>
	<student id="120" tutorId="110">
		<name>Сидоров С.С.</name>
		<group>1</group>
	</student>
	<student id="130">
		<name>Никифоров Н.М.</name>
		<group>5</group>
	</student>
	<student id="135" tutorId="210">
		<name>Дунаева А.Р.</name>
		<group>3</group>
	</student>
	<student id="140" tutorId="120">
		<name>Орлов Ф.А.</name>
		<group>2</group>
	</student>
	<student id="150" tutorId="120">
		<name>Козлов А.И.</name>
		<group>4</group>
	</student>
	<student id="160" tutorId="170">
		<name>Шувалова П.Н.</name>
		<group>5</group>
	</student>

	<!-- <department headId="$2"><label>$1</label></department> -->

	<department headId="100">
		<label>ИВЭ</label>
	</department>
	<department headId="130">
		<label>АДМ</label>
	</department>
	<department headId="150">
		<label>МАМ</label>
	</department>
	<department headId="140">
		<label>ВМФ</label>
	</department>
</university>