<xlab>

<xl name="string functions" url="http://www.zvon.org/cgi-bin/xlab/bin/stringFunctions.py">
<function>string-length</function>
<function>substring</function>
<function>substring-after</function>
<function>substring-before</function>
<function>contains</function>
<function>translate</function>
</xl>

<xl name="number functions" url="http://www.zvon.org/cgi-bin/xlab/bin/numberFunctions.py">
<function>number</function>
<function>round</function>
<function>floor</function>
<function>ceiling</function>
<function>boolean</function>
</xl>


<xl name="number formatting" url="http://www.zvon.org/cgi-bin/xlab/bin/xsltNumber.py">
<element name="number">
<attribute>format</attribute>
</element>
</xl>

<xl name="xsl:value-of" url="http://www.zvon.org/cgi-bin/xlab/bin/valueOf.py">
<element name="value-of">
<attribute>select</attribute>
</element>
<functions/>
<axes/>
</xl>


<xl name="xsl:template" url="http://www.zvon.org/cgi-bin/xlab/bin/templates.py">
<element name="template">
<attribute>match</attribute>
<attribute>priority</attribute>
</element>
<functions/>
<axes/>
</xl>


<xl name="format number" url="http://www.zvon.org/cgi-bin/xlab/bin/formatNumber.py">
<function>format-number</function>
</xl>

<xl name="xpath axes" url="http://www.zvon.org/cgi-bin/xlab/bin/xpathAxes.py">
<axes/>
</xl>

<xl name="xpath" url="http://www.zvon.org/cgi-bin/xlab/bin/xpath.py">
<axes/>
<function>lang</function>
<function>last</function>
<function>local-name</function>
<function>name</function>
<function>namespace-uri</function>
<function>node</function>
<function>not</function>
<function>position</function>
<function>starts-with</function>
<function>string-length</function>
<function>substring</function>
<function>substring-after</function>
<function>substring-before</function>
<function>text</function>
</xl>

<xl name="xsl:key" url="http://www.zvon.org/cgi-bin/xlab/bin/xsltKey.py">
<element name="key">
<attribute>name</attribute>
<attribute>match</attribute>
<attribute>use</attribute>
</element>
<function>key</function>
</xl>
</xlab>




