<axes>
<axis name="ancestor">
<standard>the ancestor axis contains the ancestors of the context node; the ancestors of the context node consist of the parent of context node and the parent's parent and so on; thus, the ancestor axis will always include the root node, unless the context node is the root node</standard>
</axis>

<axis name="ancestor-or-self">
<standard>the ancestor-or-self axis contains the context node and the ancestors of the context node; thus, the ancestor axis will always include the root node</standard>
</axis>

<axis name="attribute">
<standard>the attribute axis contains the attributes of the context node; the axis will be empty unless the context node is an element</standard>
</axis>

<axis name="child">
<standard>the child axis contains the children of the context node</standard>
</axis>

<axis name="descendant">
<standard>the descendant axis contains the descendants of the context node; a descendant is a child or a child of a child and so on; thus the descendant axis never contains attribute or namespace nodes</standard>
</axis>

<axis name="descendant-or-self">
<standard>the descendant-or-self axis contains the context node and the descendants of the context node</standard>
</axis>

<axis name="following">
<standard>the following axis contains all nodes in the same document as the context node that are after the context node in document order, excluding any descendants and excluding attribute nodes and namespace nodes</standard>
</axis>

<axis name="following-sibling">
<standard>the following-sibling axis contains all the following siblings of the context node; if the context node is an attribute node or namespace node, the following-sibling axis is empty</standard>
</axis>

<axis name="namespace">
<standard>the namespace axis contains the namespace nodes of the context node; the axis will be empty unless the context node is an element</standard>
</axis>

<axis name="parent">
<standard>the parent axis contains the parent of the context node, if there is one</standard>
</axis>

<axis name="preceding">
<standard>the preceding axis contains all nodes in the same document as the context node that are before the context node in document order, excluding any ancestors and excluding attribute nodes and namespace nodes</standard>
</axis>

<axis name="preceding-sibling">
<standard>the preceding-sibling axis contains all the preceding siblings of the context node; if the context node is an attribute node or namespace node, the preceding-sibling axis is empty</standard>
</axis>

<axis name="self">
<standard>the self axis contains just the context node itself</standard>
</axis>
</axes>

