<!DOCTYPE xpathFunctions SYSTEM "functions.dtd">

<xpathFunctions>

  <function standardAnchor="function-boolean" name="boolean" return="boolean">
    <argument type="object" occur="once"/>
    <standard>The boolean function converts its argument to a boolean as follows: a number is true if and only if it is neither positive or negative zero nor NaN, a node-set is true if and only if it is non-empty, a string is true if and only if its length is non-zero an object of a type other than the four basic types is converted to a boolean in a way that is dependent on that type
</standard>
  </function>

  <function standardAnchor="function-ceiling" name="ceiling" return="number">
    <argument type="number" occur="once"/>
    <standard>The ceiling function returns the smallest (closest to negative infinity) number that is not less than the argument and that is an integer.</standard>
  </function>

  <function standardAnchor="node-tests" name="comment" return="boolean">
    <standard>The node test comment() is true for any comment node.</standard>
  </function>


  <function standardAnchor="function-concat" name="concat" return="string">
    <argument type="string" occur="once"/>
    <argument type="string" occur="once"/>
    <argument type="string" occur="zero-multiple"/>
    <standard>The concat function returns the concatenation of its arguments.</standard>
  </function>

  <function standardAnchor="function-contains" name="contains" return="boolean">
    <argument type="string" occur="once"/>
    <argument type="string" occur="once"/>
    <standard>The contains function returns true if the first argument string contains the second argument string, and otherwise returns false.</standard>
  </function>


  <function standardAnchor="function-count" name="count" return="number">
    <argument type="node-set" occur="once"/>
    <standard>The count function returns the number of nodes in the argument node-set.</standard>
  </function>

  <function standardAnchor="function-id" name="id" return="node-set">
    <argument type="object" occur="once"/>
    <standard>The id function selects elements by their unique ID. When the argument to id is of type node-set, then the result is the union of the result of applying id to the string-value of each of the nodes in the argument node-set. When the argument to id is of any other type, the argument is converted to a string as if by a call to the string function; the string is split into a whitespace-separated list of tokens (whitespace is any sequence of characters matching the production S); the result is a node-set containing the elements in the same document as the context node that have a unique ID equal to any of the tokens in the list.</standard>
  </function>

  <function standardAnchor="function-false" name="false" return="boolean">
    <standard>The false function returns false.</standard>
  </function>

  <function standardAnchor="function-floor" name="floor" return="number">
    <argument type="number" occur="once"/>
    <standard>The floor function returns the largest (closest to positive infinity) number that is not greater than the argument and that is an integer.</standard>
  </function>

  <function standardAnchor="function-lang" name="lang" return="boolean">
    <argument type="string" occur="once"/>
    <standard>The lang function returns true or false depending on whether the language of the context node as specified by xml:lang attributes is the same as or is a sublanguage of the language specified by the argument string. The language of the context node is determined by the value of the xml:lang attribute on the context node, or, if the context node has no xml:lang attribute, by the value of the xml:lang attribute on the nearest ancestor of the context node that has an xml:lang attribute. If there is no such attribute, then lang returns false. If there is such an attribute, then lang returns true if the attribute value is equal to the argument ignoring case, or if there is some suffix starting with - such that the attribute value is equal to the argument ignoring that suffix of the attribute value and ignoring case. </standard>
  </function>

  <function standardAnchor="function-number" name="last" return="number">
    <standard>The last function returns a number equal to the context size from the expression evaluation context.</standard>
  </function>

  <function standardAnchor="function-local-name" name="local-name" return="string">
    <argument type="node-set" occur="zero-once"/>
    <standard>The local-name function returns the local part of the expanded-name of the node in the argument node-set that is first in document order. If the argument node-set is empty or the first node has no expanded-name, an empty string is returned. If the argument is omitted, it defaults to a node-set with the context node as its only member.</standard>
  </function>

  <function standardAnchor="function-name" name="name" return="string">
    <argument type="node-set" occur="zero-once"/>
    <standard>The name function returns a string containing a QName representing the expanded-name of the node in the argument node-set that is first in document order. The QName must represent the expanded-name with respect to the namespace declarations in effect on the node whose expanded-name is being represented. Typically, this will be the QName that occurred in the XML source. This need not be the case if there are namespace declarations in effect on the node that associate multiple prefixes with the same namespace. However, an implementation may include information about the original prefix in its representation of nodes; in this case, an implementation can ensure that the returned string is always the same as the QName used in the XML source. If the argument node-set is empty or the first node has no expanded-name, an empty string is returned. If the argument it omitted, it defaults to a node-set with the context node as its only member.</standard>
  </function>

  <function standardAnchor="function-namespace-uri" name="namespace-uri" return="string">
    <argument type="node-set" occur="zero-once"/>
    <standard>The namespace-uri function returns the namespace URI of the expanded-name of the node in the argument node-set that is first in document order. If the argument node-set is empty, the first node has no expanded-name, or the namespace URI of the expanded-name is null, an empty string is returned. If the argument is omitted, it defaults to a node-set with the context node as its only member.</standard>
  </function>

  <function standardAnchor="node-tests" name="node" return="boolean">
    <standard>A node test node() is true for any node of any type whatsoever.</standard>
  </function>

  <function standardAnchor="function-normalize-space" name="normalize-space" return="string">
    <argument type="string" occur="zero-once"/>
    <standard>The normalize-space function returns the argument string with whitespace normalized by stripping leading and trailing whitespace and replacing sequences of whitespace characters by a single space. Whitespace characters are the same as those allowed by the S production in XML. If the argument is omitted, it defaults to the context node converted to a string, in other words the string-value of the  context node.</standard>
  </function>

  <function standardAnchor="function-not" name="not" return="boolean">
    <argument type="boolean" occur="once"/>
    <standard>The not function returns true if its argument is false, and false otherwise.</standard>
  </function>

  <function standardAnchor="function-number" name="number" return="number">
    <argument type="object" occur="zero-once"/>
    <standard>The number function converts its argument to a number as follows: a string that consists of optional whitespace followed by an optional minus sign followed by a Number followed by whitespace is converted to the IEEE 754 number that is nearest (according to the  IEEE 754 round-to-nearest rule) to the mathematical value represented by the string; any other string is converted to NaN boolean true is converted to 1; boolean false is converted to 0 a node-set is first converted to a string as if by a call to the string function and then converted in the same way as a string argument, an object of a type other than the four basic types is converted to a number in a way that is dependent on that type. If the argument is omitted, it defaults to a node-set with the context node as its only member.
</standard>
  </function>

  <function standardAnchor="function-position" name="position" return="number">
    <standard>The position function returns a number equal to the context position from the expression evaluation context.</standard>
  </function>

  <function standardAnchor="node-tests" name="processing-instruction" return="boolean">
    <argument type="string" occur="zero-once"/>
    <standard>The node test processing-instruction() is true for any processing instruction. The processing-instruction() test may have an argument that is Literal; in this case, it is true for any processing instruction that has a name equal to the value of the Literal.</standard>
  </function>


  <function standardAnchor="function-round" name="round" return="number">
    <argument type="number" occur="once"/>
    <standard>The round function returns the number that is closest to the argument and that is an integer. If there are two such numbers, then the one that is closest to positive infinity is returned. If the argument is NaN, then NaN is returned. If the argument is positive infinity, then positive infinity is returned. If the argument is negative infinity, then negative infinity is returned. If the argument is positive zero, then positive zero is returned. If the argument is negative zero, then negative zero is returned. If the argument is less than zero, but greater than or equal to -0.5, then negative zero is returned.</standard>
  </function>

  <function standardAnchor="function-starts-with" name="starts-with" return="boolean">
    <argument type="string" occur="once"/>
    <argument type="string" occur="once"/>
    <standard>The starts-with function returns true if the first argument string starts with the second argument string, and otherwise returns false.</standard>
  </function>

  <function standardAnchor="function-string" name="string" return="string">
    <argument type="object" occur="zero-once"/>
    <standard>The string function converts an object to a string as follows: A node-set is converted to a string by returning the string-value of the node in the node-set that is first in document order. If the node-set is empty, an empty string is returned. A number is converted to a string as follows: NaN is converted to the string NaN, positive zero is converted to the string 0, negative zero is converted to the string 0, positive infinity is converted to the string Infinity, negative infinity is converted to the string -Infinity, if the number is an integer, the number is represented in decimal form as a Number with no decimal point and no leading zeros, preceded by a minus sign (-) if the number is negative, otherwise, the number is represented in decimal form as a Number including a decimal point with at least one digit before the decimal point and at least one digit after the decimal point, preceded by a minus sign (-) if the number is negative; there must be no leading zeros before the decimal point apart possibly from the one required digit immediately before the decimal point; beyond the one required digit after the decimal point there must be as many, but only as many, more digits as are needed to uniquely distinguish the number from all other IEEE 754 numeric values. The boolean false value is converted to the string false. The boolean true value is converted to the string true. An object of a type other than the four basic types is converted to a string in a way that is dependent on that type. If the argument is omitted, it defaults to a node-set with the context node as its only member.</standard>
  </function>

  <function standardAnchor="function-string-length" name="string-length" return="number">
    <argument type="string" occur="zero-once"/>
    <standard>The string-length returns the number of characters in the string. If the argument is omitted, it defaults to the context node converted to a string, in other words the string-value of the context node.</standard>
  </function>

  <function standardAnchor="function-substring" name="substring" return="string">
    <argument type="string" occur="once"/>
    <argument type="number" occur="once"/>
    <argument type="number" occur="zero-once"/>
    <standard>The substring function returns the substring of the first argument starting at the position specified in the second argument with length specified in the third argument. For example, substring("12345",2,3) returns "234". If the third argument is not specified, it returns the substring starting at the position specified in the second argument and continuing to the end of the string. For example, substring("12345",2) returns "2345".
</standard>
  </function>

  <function standardAnchor="function-substring-after" name="substring-after" return="string">
    <argument type="string" occur="once"/>
    <argument type="string" occur="once"/>
    <standard>The substring-after function returns the substring of the first argument string that follows the first occurrence of the second argument string in the first argument string, or the empty string if the first argument string does not contain the second argument string. For example, substring-after("1999/04/01","/") returns 04/01, and substring-after("1999/04/01","19") returns 99/04/01.</standard>
  </function>

  <function standardAnchor="function-substring-before" name="substring-before" return="string">
    <argument type="string" occur="once"/>
    <argument type="string" occur="once"/>
    <standard>The substring-before function returns the substring of the first argument string that precedes the first occurrence of the second argument string in the first argument string, or the empty string if the first argument string does not contain the second argument string. For example, substring-before("1999/04/01","/") returns 1999.
</standard>
  </function>

  <function standardAnchor="function-sum" name="sum" return="number">
    <argument type="node-set" occur="once"/>
    <standard>The sum function returns the sum, for each node in the argument node-set, of the result of converting the string-values of the node to a number.</standard>
  </function>

  <function standardAnchor="node-tests" name="text" return="boolean">
    <standard>The node test text() is true for any text node. For example, child::text() will select the text node children of the context node. </standard>
  </function>


  <function standardAnchor="function-translate" name="translate" return="string">
    <argument type="string" occur="once"/>
    <argument type="string" occur="once"/>
    <argument type="string" occur="once"/>
    <standard>The translate function returns the first argument string with occurrences of characters in the second argument string replaced by the character at the corresponding position in the third argument string. For example, translate("bar","abc","ABC") returns the string BAr. If there is a character in the second argument string with no character at a corresponding position in the third argument string  (because the second argument string is longer than the third argument string), then occurrences of that character in the first argument string are removed. For example, translate("--aaa--","abc-","ABC") returns "AAA". If a character occurs more than once in the second argument string, then the first occurrence determines the replacement character. If the third argument string is longer than the second argument string, then excess characters are ignored.
</standard>
  </function>

  <function standardAnchor="function-true" name="true" return="boolean">
    <standard>The true function returns true.</standard>
  </function>

</xpathFunctions>




