<!DOCTYPE xsltElements SYSTEM "elements.dtd">


<xsltElements>

  <element name="apply-imports" standardAnchor="element-apply-imports">
    <standard>A template rule that is being used to override a template rule in an imported stylesheet (see [5.5 Conflict Resolution for Template Rules]) can use the xsl:apply-imports element to invoke the overridden template rule.</standard>
  </element>

  <element name="apply-templates" standardAnchor="section-Applying-Template-Rules" children="sort with-param">
    <attribute name="select" occurence="optional" standardAnchor="section-Applying-Template-Rules">
      <standard>A select attribute can be used to process nodes selected by an expression instead of processing all children. The value of the select attribute is an expression. The expression must evaluate to a node-set.</standard>
    </attribute>
    <attribute name="mode" occurence="optional" standardAnchor="modes">
      <standard>Both xsl:template and xsl:apply-templates have an optional mode attribute. If xsl:template does not have a match attribute, it must not have a mode attribute. If an xsl:apply-templates element has a mode attribute, then it applies only to those template rules from xsl:template elements that have a mode attribute with the same value; if an xsl:apply-templates element does not have a mode attribute, then it applies only to those template rules from xsl:template elements that do not have a mode attribute.</standard>
    </attribute>
    <standard>In the absence of a select attribute, the xsl:apply-templates instruction processes all of the children of the current node, including text nodes. However, text nodes that have been stripped will not be processed. If stripping of whitespace nodes has not been enabled for an element, then all whitespace in the content of the element will be processed as text, and thus whitespace between child elements will count in determining the position of a child element as returned by the position function. A select attribute can be used to process nodes selected by an expression instead of processing all children. The value of the select attribute is an expression. The expression must evaluate to a node-set. The selected set of nodes is processed in document order, unless a sorting specification is present </standard>
  </element>

  <element name="attribute" standardAnchor="element-attribute">
    <attribute name="name" occurence="required" standardAnchor="element-attribute">
      <standard>The name attribute is interpreted as an attribute value template. It is an error if the string that results from instantiating the attribute value template is not a QName or is the string xmlns. An XSLT processor may signal the error; if it does not signal the error, it must recover by not adding the attribute to the result tree. If the namespace attribute is not present, then the QName is expanded into an expanded-name using the namespace declarations in effect for the xsl:attribute element, not including any default namespace declaration.</standard>
    </attribute>
    <attribute name="namespace" occurence="optional" standardAnchor="element-attribute">
      <standard>If the namespace attribute is present, then it also is interpreted as an attribute value template. The string that results from instantiating it should be a URI reference. It is not an error if the string is not a syntactically legal URI reference. If the string is empty, then the expanded-name of the attribute has a null namespace URI. Otherwise, the string is used as the namespace URI of the expanded-name of the attribute to be created. The local part of the QName specified by the name attribute is used as the local part of the expanded-name of the attribute to be created.</standard>
    </attribute>
    <standard>The xsl:attribute element can be used to add attributes to result elements whether created by literal result elements in the stylesheet or by instructions such as xsl:element. The expanded-name of the attribute to be created is specified by a required name attribute and an optional namespace attribute. Instantiating an xsl:attribute element adds an attribute node to the containing result element node. The content of the xsl:attribute element is a template for the value of the created attribute.</standard>
  </element>

  <element name="attribute-set" standardAnchor="element-attribute-set" children="attribute">
    <attribute name="name" occurence="required" standardAnchor="element-attribute-set">
      <standard>The name attribute specifies the name of the attribute set.</standard>
    </attribute>
    <attribute name="use-attribute-sets" occurence="optional" standardAnchor="element-attribute-set">
      <standard>Attribute sets are used by specifying a use-attribute-sets attribute on xsl:element, xsl:copy (see [7.5 Copying]) or xsl:attribute-set elements. The value of the use-attribute-sets attribute is a whitespace-separated list of names of attribute sets. Each name is specified as a QName, which is expanded as described in [2.4 Qualified Names]. Specifying a use-attribute-sets attribute is equivalent to adding xsl:attribute elements for each of the attributes in each of the named attribute sets to the beginning of the content of the element with the use-attribute-sets attribute, in the same order in which the names of the attribute sets are specified in the use-attribute-sets attribute. It is an error if use of use-attribute-sets attributes on xsl:attribute-set elements causes an attribute set to directly or indirectly use itself. Attribute sets can also be used by specifying an xsl:use-attribute-sets attribute on a literal result element. The value of the xsl:use-attribute-sets attribute is a whitespace-separated list of names of attribute sets. The xsl:use-attribute-sets attribute has the same effect as the use-attribute-sets attribute on xsl:element with the additional rule that attributes specified on the literal result element itself are treated as if they were specified by xsl:attribute elements before any actual xsl:attribute elements but after any xsl:attribute elements implied by the xsl:use-attribute-sets attribute. Thus, for a literal result element, attributes from attribute sets named in an xsl:use-attribute-sets attribute will be added first, in the order listed in the attribute; next, attributes specified on the literal result element will be added; finally, any attributes specified by xsl:attribute elements will be added. Since adding an attribute to an element replaces any existing attribute of that element with the same name, this means that attributes specified in attribute sets can be overridden by attributes specified on the literal result element itself.</standard>
    </attribute>
    <standard>The xsl:attribute-set element defines a named set of attributes. The name attribute specifies the name of the attribute set. The value of the name attribute is a QName. The content of the xsl:attribute-set element consists of zero or more xsl:attribute elements that specify the attributes in the set.
</standard>
  </element>


  <element name="call-template" standardAnchor="element-call-template" children="with-param">
    <attribute name="name" occurence="required" standardAnchor="element-call-template">
      <standard>An xsl:call-template element invokes a template by name.</standard>
    </attribute>
    <standard>Templates can be invoked by name. An xsl:template element with a name attribute specifies a named template. If an xsl:template element has a name attribute, it may, but need not, also have a match attribute. An xsl:call-template element invokes a template by name; it has a required name attribute that identifies the template to be invoked. Unlike xsl:apply-templates, xsl:call-template does not change the current node or the current node list.</standard>
  </element>

  <element name="choose" standardAnchor="element-choose" children="when otherwise">
    <standard>The xsl:choose element selects one among a number of possible alternatives. It consists of a sequence of xsl:when elements followed by an optional xsl:otherwise element. Each xsl:when element has a single attribute, test, which specifies an expression. The content of the xsl:when and xsl:otherwise elements is a template. When an xsl:choose element is processed, each of the xsl:when elements is tested in turn, by evaluating the expression and converting the resulting object to a boolean as if by a call to the boolean function. The content of the first, and only the first, xsl:when element whose test is true is instantiated. If no xsl:when is true, the content of the xsl:otherwise element is instantiated. If no xsl:when element is true, and no xsl:otherwise element is present, nothing is created.</standard>
  </element>


  <element name="comment" standardAnchor="element-comment">
    <standard>The xsl:comment element is instantiated to create a comment node in the result tree. The content of the xsl:comment element is a template for the string-value of the comment node.</standard>
  </element>

  <element name="copy" standardAnchor="element-copy">
    <attribute name="use-attribute-sets" occurence="optional" standardAnchor="attribute-sets">
      <standard>Attribute sets are used by specifying a use-attribute-sets attribute on xsl:element, xsl:copy or xsl:attribute-set elements. The value of the use-attribute-sets attribute is a whitespace-separated list of names of attribute sets. Each name is specified as a QName. Specifying a use-attribute-sets attribute is equivalent to adding xsl:attribute elements for each of the attributes in each of the named attribute sets to the beginning of the content of the element with the use-attribute-sets attribute, in the same order in which the names of the attribute sets are specified in the use-attribute-sets attribute.</standard>
    </attribute>
    <standard>The xsl:copy element provides an easy way of copying the current node. Instantiating the xsl:copy element creates a copy of the current node. The namespace nodes of the current node are automatically copied as well, but the attributes and children of the node are not automatically copied. The content of the xsl:copy element is a template for the attributes and children of the created node; the content is instantiated only for nodes of types that can have attributes or children (i.e. root nodes and element nodes).</standard>
  </element>

  <element name="copy-of" standardAnchor="element-copy-of">
    <attribute name="select" occurence="required" standardAnchor="element-copy-of">
      <standard>The required select attribute contains an expression. When the result of evaluating the expression is a result tree fragment, the complete fragment is copied into the result tree. When the result is a node-set, all the nodes in the set are copied in document order into the result tree; copying an element node copies the attribute nodes, namespace nodes and children of the element node as well as the element node itself; a root node is copied by copying its children. When the result is neither a node-set nor a result tree fragment, the result is converted to a string and then inserted into the result tree, as with xsl:value-of.</standard>
    </attribute>
    <standard>The xsl:copy-of element can be used to insert a result tree fragment into the result tree, without first converting it to a string as xsl:value-of does (see [7.6.1 Generating Text with xsl:value-of]). The required select attribute contains an expression. When the result of evaluating the expression is a result tree fragment, the complete fragment is copied into the result tree. When the result is a node-set, all the nodes in the set are copied in document order into the result tree; copying an element node copies the attribute nodes, namespace nodes and children of the element node as well as the element node itself; a root node is copied by copying its children. When the result is neither a node-set nor a result tree fragment, the result is converted to a string and then inserted into the result tree, as with xsl:value-of.</standard>
  </element>


  <element name="decimal-format" standardAnchor="element-decimal-format">
    <attribute name="name" occurence="optional" standardAnchor="element-decimal-format">
      <standard> The name attribute declares a named decimal-format;</standard>
    </attribute>
    <attribute name="decimal-separator" occurence="optional" standardAnchor="element-decimal-format">
      <standard>decimal-separator specifies the character used for the decimal sign; the default value is the period character (.)
</standard>
    </attribute>
    <attribute name="grouping-separator" occurence="optional" standardAnchor="element-decimal-format">
      <standard>grouping-separator specifies the character used as a grouping (e.g. thousands) separator; the default value is the comma character (,)</standard>
    </attribute>
 <attribute name="percent" occurence="optional" standardAnchor="element-decimal-format">
      <standard>percent specifies the character used as a percent sign; the default value is the percent character (%)</standard>
    </attribute>

 <attribute name="per-mille" occurence="optional" standardAnchor="element-decimal-format">
      <standard>per-mille specifies the character used as a per mille sign; the default value is the Unicode per-mille character (#x2030)
</standard>
    </attribute>
 <attribute name="zero-digit" occurence="optional" standardAnchor="element-decimal-format">
      <standard>zero-digit specifies the character used as the digit zero; the default value is the digit zero (0)
</standard>
    </attribute>
 <attribute name="digit" occurence="optional" standardAnchor="element-decimal-format">
      <standard>digit specifies the character used for a digit in the format pattern; the default value is the number sign character (#)
</standard>
    </attribute>
 <attribute name="pattern-separator" occurence="optional" standardAnchor="element-decimal-format">
      <standard>pattern-separator specifies the character used to separate positive and negative sub patterns in a pattern; the default value is the semi-colon character (;)
</standard>
    </attribute>
 <attribute name="infinity" occurence="optional" standardAnchor="element-decimal-format">
      <standard>infinity specifies the string used to represent infinity; the default value is the string Infinity 
</standard>
    </attribute>
 <attribute name="NaN" occurence="optional" standardAnchor="element-decimal-format">
      <standard>NaN specifies the string used to represent the NaN value; the default value is the string NaN 
</standard>
    </attribute>
 <attribute name="minus-sign" occurence="optional" standardAnchor="element-decimal-format">
      <standard>minus-sign specifies the character used as the default minus sign; the default value is the hyphen-minus character (-, #x2D)
</standard>
    </attribute>

    <standard>The xsl:decimal-format element declares a decimal-format, which controls the interpretation of a format pattern used by the format-number function. If there is a name attribute, then the element declares a named decimal-format; otherwise, it declares the default decimal-format. The value of the name attribute is a QName. It is an error to declare either the default decimal-format or a decimal-format with a given name more than once (even with different import precedence), unless it is declared every time with the same value for all attributes (taking into account any default values).
</standard>
  </element>

  <element name="element" standardAnchor="element-element">
    <attribute name="name" occurence="required" standardAnchor="element-element">
      <standard>The name attribute is interpreted as an attribute value template. It is an error if the string that results from instantiating the attribute value template is not a QName. </standard>
    </attribute>
    <attribute name="namespace" occurence="optional" standardAnchor="element-element">
      <standard>If the namespace attribute is present, then it also is interpreted as an attribute value template. The string that results from instantiating the attribute value template should be a URI reference. It is not an error if the string is not a syntactically legal URI reference. If the string is empty, then the expanded-name of the element has a null namespace URI. Otherwise, the string is used as the namespace URI of the expanded-name of the element to be created. </standard>
    </attribute>
 <attribute name="use-attribute-sets" occurence="optional" standardAnchor="element-attribute-set">
      <standard>Attribute sets are used by specifying a use-attribute-sets attribute on xsl:element, xsl:copy (see [7.5 Copying]) or xsl:attribute-set elements. The value of the use-attribute-sets attribute is a whitespace-separated list of names of attribute sets. Each name is specified as a QName, which is expanded as described in [2.4 Qualified Names]. Specifying a use-attribute-sets attribute is equivalent to adding xsl:attribute elements for each of the attributes in each of the named attribute sets to the beginning of the content of the element with the use-attribute-sets attribute, in the same order in which the names of the attribute sets are specified in the use-attribute-sets attribute. It is an error if use of use-attribute-sets attributes on xsl:attribute-set elements causes an attribute set to directly or indirectly use itself. Attribute sets can also be used by specifying an xsl:use-attribute-sets attribute on a literal result element. The value of the xsl:use-attribute-sets attribute is a whitespace-separated list of names of attribute sets. The xsl:use-attribute-sets attribute has the same effect as the use-attribute-sets attribute on xsl:element with the additional rule that attributes specified on the literal result element itself are treated as if they were specified by xsl:attribute elements before any actual xsl:attribute elements but after any xsl:attribute elements implied by the xsl:use-attribute-sets attribute. Thus, for a literal result element, attributes from attribute sets named in an xsl:use-attribute-sets attribute will be added first, in the order listed in the attribute; next, attributes specified on the literal result element will be added; finally, any attributes specified by xsl:attribute elements will be added. Since adding an attribute to an element replaces any existing attribute of that element with the same name, this means that attributes specified in attribute sets can be overridden by attributes specified on the literal result element itself.</standard>
    </attribute>
    <standard>The xsl:element element allows an element to be created with a computed name. The expanded-name of the element to be created is specified by a required name attribute and an optional namespace attribute. The content of the xsl:element element is a template for the attributes and children of the created element. The name attribute is interpreted as an attribute value template. It is an error if the string that results from instantiating the attribute value template is not a QName. An XSLT processor may signal the error; if it does not signal the error, then it must recover by making the the result of instantiating the xsl:element element be the sequence of nodes created by instantiating the content of the xsl:element element, excluding any initial attribute nodes. If the namespace attribute is not present then the QName is expanded into an expanded-name using the namespace declarations in effect for the xsl:element element, including any default namespace declaration. If the namespace attribute is present, then it also is interpreted as an attribute value template. The string that results from instantiating the attribute value template should be a URI reference. It is not an error if the string is not a syntactically legal URI reference. If the string is empty, then the expanded-name of the element has a null namespace URI. Otherwise, the string is used as the namespace URI of the expanded-name of the element to be created. The local part of the QName specified by the name attribute is used as the local part of the expanded-name of the element to be created.</standard>
  </element>

  <element name="fallback" standardAnchor="fallback">
    <standard>Normally, instantiating an xsl:fallback element does nothing. However, when an XSLT processor performs fallback for an instruction element, if the instruction element has one or more xsl:fallback children, then the content of each of the xsl:fallback children must be instantiated in sequence; otherwise, an error must be signaled. The content of an xsl:fallback element is a template.</standard>
  </element>

  <element name="for-each" standardAnchor="element-for-each" children="sort">
    <attribute name="select" occurence="required" standardAnchor="element-for-each">
      <standard>The xsl:for-each instruction contains a template, which is instantiated for each node selected by the expression specified by the select attribute. The select attribute is required. The expression must evaluate to a node-set.</standard>
    </attribute>
    <standard>When the result has a known regular structure, it is useful to be able to specify directly the template for selected nodes. The xsl:for-each instruction contains a template, which is instantiated for each node selected by the expression specified by the select attribute. The select attribute is required. The expression must evaluate to a node-set. The template is instantiated with the selected node as the current node, and with a list of all of the selected nodes as the current node list. The nodes are processed in document order, unless a sorting specification is present </standard>
  </element>

  <element name="if" standardAnchor="element-if">
    <attribute name="test" occurence="required" standardAnchor="element-if">
      <standard>The xsl:if element has a test attribute, which specifies an expression.</standard>
    </attribute>
    <standard>The xsl:if element has a test attribute, which specifies an expression. The content is a template. The expression is evaluated and the resulting object is converted to a boolean as if by a call to the boolean function. If the result is true, then the content template is instantiated; otherwise, nothing is created. In the following example, the names in a group of names are formatted as a comma separated list:</standard>
  </element>

  <element name="import" standardAnchor="import">
    <attribute name="href" occurence="required" standardAnchor="import">
      <standard>The xsl:import element has an href attribute whose value is a URI reference identifying the stylesheet to be imported. A relative URI is resolved relative to the base URI of the xsl:import element</standard>
    </attribute>
    <standard>The xsl:import element is only allowed as a top-level element. The xsl:import element children must precede all other element children of an xsl:stylesheet element, including any xsl:include element children. When xsl:include is used to include a stylesheet, any xsl:import elements in the included document are moved up in the including document to after any existing xsl:import elements in the including document. It is an error if a stylesheet directly or indirectly imports itself.</standard>
  </element>


  <element name="include" standardAnchor="include">
    <attribute name="href" occurence="required" standardAnchor="include">
      <standard>The xsl:include element has an href attribute whose value is a URI reference identifying the stylesheet to be included. A relative URI is resolved relative to the base URI of the xsl:include element </standard>
    </attribute>
    <standard>The xsl:include element is only allowed as a top-level element. The inclusion works at the XML tree level. The resource located by the href attribute value is parsed as an XML document, and the children of the xsl:stylesheet element in this document replace the xsl:include element in the including document. The fact that template rules or definitions are included does not affect the way they are processed. It is an error if a stylesheet directly or indirectly includes itself.</standard>
  </element>

  <element name="key" standardAnchor="element-key">
    <attribute name="name" occurence="required" standardAnchor="element-key">
      <standard>The name attribute specifies the name of the key.</standard>
    </attribute>
    <attribute name="match" occurence="required" standardAnchor="element-key">
      <standard>The match attribute is a Pattern; an xsl:key element gives information about the keys of any node that matches the pattern specified in the match attribute.It is an error for the value of the match attribute to contain a VariableReference.</standard>
    </attribute>
    <attribute name="use" occurence="required" standardAnchor="element-key">
      <standard>The use attribute is an expression specifying the values of the key; the expression is evaluated once for each node that matches the pattern. If the result is a node-set, then for each node in the node-set, the node that matches the pattern has a key of the specified name whose value is the string-value of the node in the node-set; otherwise, the result is converted to a string, and the node that matches the pattern has a key of the specified name with value equal to that string. It is an error for the value of the use attribute to contain a VariableReference.</standard>
    </attribute>
    <standard>The xsl:key element is used to declare keys. The name attribute specifies the name of the key. The match attribute is a Pattern; an xsl:key element gives information about the keys of any node that matches the pattern specified in the match attribute. The use attribute is an expression specifying the values of the key; the expression is evaluated once for each node that matches the pattern. If the result is a node-set, then for each node in the node-set, the node that matches the pattern has a key of the specified name whose value is the string-value of the node in the node-set; otherwise, the result is converted to a string, and the node that matches the pattern has  a key of the specified name with value equal to that string.Note also that there may be more than one xsl:key element that matches a given node; all of the matching xsl:key elements are used, even if they do not have the same import precedence. It is an error for the value of either the use attribute or the match attribute to contain a VariableReference. </standard>
  </element>

  <element name="message" standardAnchor="message">
    <attribute name="terminate" occurence="optional" standardAnchor="message">
      <standard>If the terminate attribute has the value yes, then the XSLT processor should terminate processing after sending the message. The default value is no.</standard>
    </attribute>
    <standard>The xsl:message instruction sends a message in a way that is dependent on the XSLT processor. The content of the xsl:message instruction is a template. The xsl:message is instantiated by instantiating the content to create an XML fragment. This XML fragment is the content of the message.</standard>
  </element>

  <element name="namespace-alias" standardAnchor="element-namespace-alias">
    <attribute name="stylesheet-prefix" occurence="required" standardAnchor="element-namespace-alias">
      <standard>The xsl:namespace-alias element declares that the namespace URI bound to the prefix specified by the stylesheet-prefix attribute is an alias for the namespace URI bound to the prefix specified by the result-prefix attribute. Thus, the stylesheet-prefix attribute specifies the namespace URI that will appear in the stylesheet, and the result-prefix attribute specifies the corresponding namespace URI that will appear in the result tree.</standard>
    </attribute>
    <attribute name="result-prefix" occurence="required" standardAnchor="element-namespace-alias">
      <standard>The xsl:namespace-alias element declares that the namespace URI bound to the prefix specified by the stylesheet-prefix attribute is an alias for the namespace URI bound to the prefix specified by the result-prefix attribute. Thus, the stylesheet-prefix attribute specifies the namespace URI that will appear in the stylesheet, and the result-prefix attribute specifies the corresponding namespace URI that will appear in the result tree.</standard>
    </attribute>
    <standard>A stylesheet can use the xsl:namespace-alias element to declare that one namespace URI is an alias for another namespace URI. When a literal namespace URI has been declared to be an alias for another namespace URI, then the namespace URI in the result tree will be the namespace URI that the literal namespace URI is an alias for, instead of the literal namespace URI itself. The xsl:namespace-alias element declares that the namespace URI bound to the prefix specified by the stylesheet-prefix attribute is an alias for the namespace URI bound to the prefix specified by the result-prefix attribute. Thus, the stylesheet-prefix attribute specifies the namespace URI that will appear in the stylesheet, and the result-prefix attribute specifies the corresponding namespace URI that will appear in the result tree. The default namespace (as declared by xmlns) may be specified by using #default instead of a prefix. If a namespace URI is declared to be an alias for multiple different namespace URIs, then the declaration with the highest import precedence is used. It is an error if there is more than one such declaration.An XSLT processor may signal the error; if it does not signal the error, it must recover by choosing, from amongst the declarations with the highest import precedence, the one that occurs last in the stylesheet.</standard>
  </element>

  <element name="number" standardAnchor="element-number">
    <attribute name="level" occurence="optional" standardAnchor="element-number">
      <standard>The level attribute specifies what levels of the source tree should be considered; it has the values single, multiple or any. The default is single.</standard>
    </attribute>
    <attribute name="count" occurence="optional" standardAnchor="element-number">
      <standard>The count attribute is a pattern that specifies what nodes should be counted at those levels. If count attribute is not specified, then it defaults to the pattern that matches any node with the same node type as the current node and, if the current node has an expanded-name, with the same expanded-name as the current node.</standard>
    </attribute>
    <attribute name="from" occurence="optional" standardAnchor="element-number">
      <standard>The from attribute is a pattern that specifies where counting starts.</standard>
    </attribute>
    <attribute name="value" occurence="optional" standardAnchor="element-number">
      <standard>The value attribute contains an expression. The expression is evaluated and
        the resulting object is converted to a number as if by a call to the number function.</standard>
    </attribute>
    <attribute name="format" occurence="optional" standardAnchor="convert">
      <standard>The default value for the format attribute is 1. The format attribute is split into a sequence of tokens where each token is a maximal sequence of alphanumeric characters or a maximal sequence of non-alphanumeric characters. Alphanumeric means any character that has a Unicode category of Nd, Nl, No, Lu, Ll, Lt, Lm or Lo. The alphanumeric tokens (format tokens) specify the format to be used for each number in the list. If the first token is a non-alphanumeric token, then the constructed string will start with that token; if the last token is non-alphanumeric token, then the constructed string will end with that token. Non-alphanumeric tokens that occur between two format tokens are separator tokens that are used to join numbers in the list. The nth format token will be used to format the nth number in the list. If there are more numbers than format tokens, then the last format token will be used to format remaining numbers. If there are no format tokens, then a format token of 1 is used to format all numbers. The format token specifies the string to be used to represent the number 1. Each number after the first will be separated from the preceding number by the separator token preceding the format token used to format that number, or, if there are no separator tokens, then by . (a period character).</standard>
    </attribute>
    <attribute name="lang" occurence="optional" standardAnchor="convert">
      <standard>When numbering with an alphabetic sequence, the lang attribute specifies which language's alphabet is to be used; it has the same range of values as xml:lang; if no lang value is specified, the language should be determined from the system environment.</standard>
    </attribute>
    <attribute name="letter-value" occurence="optional" standardAnchor="convert">
      <standard>The letter-value attribute disambiguates between numbering sequences that use letters. In many languages there are two commonly used numbering sequences that use letters. One numbering sequence assigns numeric values to letters in alphabetic sequence, and the other assigns numeric values to each letter in some other manner traditional in that language. In English, these would correspond to the numbering sequences specified by the format tokens a and i. In some languages, the first member of each sequence is the same, and so the format token alone would be ambiguous. A value of alphabetic specifies the alphabetic sequence; a value of traditional specifies the other sequence. If the letter-value attribute is not specified, then it is implementation-dependent how any ambiguity is resolved.</standard>
    </attribute>
    <attribute name="grouping-separator" occurence="optional" standardAnchor="convert">
      <standard>The grouping-separator attribute gives the separator used as a grouping (e.g. thousands) separator in decimal numbering sequences, and the optional grouping-size specifies the size (normally 3) of the grouping. For example, grouping-separator="," and grouping-size="3" would produce numbers of the form 1,000,000. If only one of the grouping-separator and grouping-size attributes is specified, then it is ignored.</standard>
    </attribute>
    <attribute name="grouping-size" occurence="optional" standardAnchor="convert">
      <standard>The grouping-separator attribute gives the separator used as a grouping (e.g. thousands) separator in decimal numbering sequences, and the optional grouping-size specifies the size (normally 3) of the grouping. For example, grouping-separator="," and grouping-size="3" would produce numbers of the form 1,000,000. If only one of the grouping-separator and grouping-size attributes is specified, then it is ignored.</standard>
    </attribute>
    <standard>The xsl:number element is used to insert a formatted number into the result tree. The number to be inserted may be specified by an expression. The value attribute contains an expression. The expression is evaluated and the resulting object is converted to a number as if by a call to the number function. If no value attribute is specified, then the xsl:number element inserts a number based on the position of the current node in the source tree.  </standard>
  </element>

  <element name="otherwise" standardAnchor="element-choose">
    <standard>The xsl:choose element selects one among a number of possible alternatives. It consists of a sequence of xsl:when elements followed by an optional xsl:otherwise element. Each xsl:when element has a single attribute, test, which specifies an expression. The content of the xsl:when and xsl:otherwise elements is a template. When an xsl:choose element is processed, each of the xsl:when elements is tested in turn, by evaluating the expression and converting the resulting object to a boolean as if by a call to the boolean function. The content of the first, and only the first, xsl:when element whose test is true is instantiated. If no xsl:when is true, the content of the xsl:otherwise element is instantiated. If no xsl:when element is true, and no xsl:otherwise element is present, nothing is created.</standard>
  </element>


  <element name="output" standardAnchor="output">
    <attribute name="method" occurence="optional" standardAnchor="output">
      <standard>The method attribute on xsl:output identifies the overall method that should be used for outputting the result tree. The value must be a QName. If the QName does not have a prefix, then it identifies a method specified in this document and must be one of xml, html or text. If the QName has a prefix, then the QName is expanded into an expanded-name; the expanded-name identifies the output method</standard>
    </attribute>
    <attribute name="version" occurence="optional" standardAnchor="output">
      <standard>version specifies the version of the output method</standard>
    </attribute>
    <attribute name="indent" occurence="optional" standardAnchor="output">
      <standard>indent specifies whether the XSLT processor may add additional whitespace when outputting the result tree; the value must be yes or not</standard>
    </attribute>
    <attribute name="encoding" occurence="optional" standardAnchor="output">
      <standard>encoding specifies the preferred character encoding that the XSLT processor should use to encode sequences of characters as sequences of bytes; the value of the attribute should be treated case-insensitively; the value must contain only characters in the range #x21 to #x7E (i.e. printable ASCII characters); the value should either be a charset registered with the Internet Assigned Numbers Authority or start with X- </standard>
    </attribute>
    <attribute name="media-type" occurence="optional" standardAnchor="output">
      <standard>media-type specifies the media type (MIME content type) of the data that results from outputting the result tree; the charset parameter should not be specified explicitly; instead, when the top-level media type is text, a charset parameter should be added according to the character encoding actually used by the output method</standard>
    </attribute>
    <attribute name="doctype-system" occurence="optional" standardAnchor="output">
      <standard>doctype-system specifies the system identifier to be used in the document type declaration</standard>
    </attribute>
    <attribute name="doctype-public" occurence="optional" standardAnchor="output">
      <standard>doctype-public specifies the public identifier to be used in the document type declaration</standard>
    </attribute>
    <attribute name="omit-xml-declaration" occurence="optional" standardAnchor="output">
      <standard>omit-xml-declaration specifies whether the XSLT processor should output an XML declaration; the value must be yes or no</standard>
    </attribute>
    <attribute name="standalone" occurence="optional" standardAnchor="output">
      <standard>standalone specifies whether the XSLT processor should output a standalone document declaration; the value must be yes or no</standard>
    </attribute>
    <attribute name="cdata-section-elements" occurence="optional" standardAnchor="output">
      <standard>cdata-section-elements specifies a list of the names of elements whose text node children should be output using CDATA sections</standard>
    </attribute>
      <standard>An XSLT processor may output the result tree as a sequence of bytes, although it is not required to be able to do so. The xsl:output element allows stylesheet authors to specify how they wish the result tree to be output. If an XSLT processor outputs the result tree, it should do so as specified by the xsl:output element; however, it is not required to do so. A stylesheet may contain multiple xsl:output elements and may include or import stylesheets that also contain xsl:output elements. All the xsl:output elements occurring in a stylesheet are merged into a single effective xsl:output element. For the cdata-section-elements attribute, the effective value is the union of the specified values. For other attributes, the effective value is the specified value with the highest import precedence. It is an error if there is more than one such value for an attribute. An XSLT processor may signal the error; if it does not signal the error, if should recover by using the value that occurs last in the stylesheet. The values of attributes are defaulted after the xsl:output elements have been merged; different output methods may have different default values for an attribute. </standard>
  </element>

 <element name="param" standardAnchor="element-variable">
    <attribute name="name" occurence="required" standardAnchor="element-variable">
      <standard>A required name attribute  specifies the name of the variable.</standard>
    </attribute>
    <attribute name="select" occurence="optional" standardAnchor="variable-values">
      <standard>If the variable-binding element has a select attribute, then the value of the attribute must be an expression and the value of the variable is the object that results from evaluating the expression. In this case, the content must be empty.</standard>
    </attribute>
    <standard>A variable is a name that may be bound to a value. The value to which a variable is bound (the value of the variable) can be an object of any of the types that can be returned by expressions. There are two elements that can be used to bind variables: xsl:variable and xsl:param. The difference is that the value specified on the xsl:param variable is only a default value for the binding; when the template or stylesheet within which the xsl:param element occurs is invoked, parameters may be passed that are used in place of the default values.For any use of these variable-binding elements, there is a region of the stylesheet tree within which the binding is visible; within this region, any binding of the variable that was visible on the variable-binding element itself is hidden. Thus, only the innermost binding of a variable is visible. The set of variable bindings in scope for an expression consists of those bindings that are visible at the point in the stylesheet where the expression occurs.</standard>
  </element>

  <element name="preserve-space" standardAnchor="element-preserve-space">
    <attribute name="elements" occurence="required" standardAnchor="element-preserve-space">
      <standard>Elements attribute is a whitespace-separated list of NameTests.</standard>
    </attribute>
    <standard>For source documents, the set of whitespace-preserving element names is specified by xsl:strip-space and xsl:preserve-space top-level elements. These elements each have an elements attribute whose value is a whitespace-separated list of NameTests. Initially, the set of whitespace-preserving element names contains all element names. If an element name matches a NameTest in an xsl:strip-space element, then it is removed from the set of whitespace-preserving element names. If an element name matches a NameTest in an xsl:preserve-space  element, then it is added to the set of whitespace-preserving element names. </standard>
  </element>

  <element name="processing-instruction" standardAnchor="element-processing-instruction">
    <attribute name="name" occurence="required" standardAnchor="element-processing-instruction">
      <standard>The xsl:processing-instruction element has a required name attribute that specifies the name of the processing instruction node.</standard>
    </attribute>
    <standard>The xsl:processing-instruction element is instantiated to create a processing instruction node. The content of the xsl:processing-instruction element is a template for the string-value of the processing instruction node. The xsl:processing-instruction element has a required name attribute that specifies the name of the processing instruction node. The value of the name attribute is interpreted as an attribute value template.</standard>
  </element>


  <element name="sort" standardAnchor="sorting">
    <attribute name="select" occurence="optional" standardAnchor="sorting">
      <standard>xsl:sort has a select attribute whose value is an expression. For each node to be processed, the expression is evaluated with that node as the current node and with the complete list of nodes being processed in unsorted order as the current node list. The resulting object is converted to a string as if by a call to the string function; this string is used as the sort key for that node. The default value of the select attribute is ., which will cause the string-value of the current node to be used as the sort key.</standard>
    </attribute>
    <attribute name="lang" occurence="optional" standardAnchor="sorting">
      <standard>lang specifies the language of the sort keys; it has the same range of values as xml:lang; if no lang value is specified, the language should be determined from the system environment
</standard>
    </attribute>
    <attribute name="data-type" occurence="optional" standardAnchor="sorting">
      <standard>data-type specifies the data type of the strings; the following values are allowed: text specifies that the sort keys should be sorted lexicographically in the culturally correct manner for the language specified by lang number specifies that the sort keys should be converted to numbers and then sorted according to the numeric value; the sort key is converted to a number as if by a call to the number function; the lang attribute is ignored, a QName with a prefix is expanded into an expanded-name as described in [2.4 Qualified Names]; the expanded-name identifies the data-type; the behavior in this case is not specified by this document. The default value is text.</standard>
    </attribute>
    <attribute name="order" occurence="optional" standardAnchor="element-sort">
      <standard>order specifies whether the strings should be sorted in ascending or descending order; ascending specifies ascending order; descending specifies descending order; the default is ascending </standard>
    </attribute>
    <attribute name="case-order" occurence="optional" standardAnchor="sorting">
      <standard>case-order has the value upper-first or lower-first; this applies when data-type="text", and specifies that upper-case letters should sort before lower-case letters or vice-versa respectively. For example, if lang="en", then A a B b are sorted with case-order="upper-first" and a A b B are sorted with case-order="lower-first". The default value is language dependent.</standard>
    </attribute>
    <standard>Sorting is specified by adding xsl:sort elements as children of an xsl:apply-templates or xsl:for-each element. The first xsl:sort child specifies the primary sort key, the second xsl:sort child specifies the secondary sort key and so on. When an xsl:apply-templates or xsl:for-each element has one or more xsl:sort children, then instead of processing the selected nodes in document order, it sorts the nodes according to the specified sort keys and then processes them in sorted order. When used in xsl:for-each, xsl:sort elements must occur first. When a template is instantiated by xsl:apply-templates and xsl:for-each, the current node list list consists of the complete list of nodes being processed in sorted order. xsl:sort has a select attribute whose value is an expression. For each node to be processed, the expression is evaluated with that node as the current node and with the complete list of nodes being processed in unsorted order as the current node list. The resulting object is converted to a string as if by a call to the string function; this string is used as the sort key for that node. The default value of the select attribute is ., which will cause the string-value of the current node to be used as the sort key.
</standard>
  </element>

  <element name="strip-space" standardAnchor="element-strip-space">
    <attribute name="elements" occurence="required" standardAnchor="element-strip-space">
      <standard>elements attribute is a whitespace-separated list of NameTests. </standard>
    </attribute>
    <standard>For source documents, the set of whitespace-preserving element names is specified by xsl:strip-space and xsl:preserve-space top-level elements. These elements each have an elements attribute whose value is a whitespace-separated list of NameTests. Initially, the set of whitespace-preserving element names contains all element names. If an element name matches a NameTest in an xsl:strip-space element, then it is removed from the set of whitespace-preserving element names. If an element name matches a NameTest in an xsl:preserve-space  element, then it is added to the set of whitespace-preserving element names. </standard>
  </element>

<element name="stylesheet" standardAnchor="stylesheet-element" children="import include strip-space preserve-space output key decimal-format namespace-alias attribute-set variable param template">

    <attribute name="exclude-result-prefixes" occurence="optional" standardAnchor="literal-result-element">
      <standard>A namespace URI is designated as an excluded namespace by using an exclude-result-prefixes attribute on an xsl:stylesheet element or an xsl:exclude-result-prefixes attribute on a literal result element. The value of both these attributes is a whitespace-separated list of namespace prefixes. The namespace bound to each of the prefixes is designated as an excluded namespace. It is an error if there is no namespace bound to the prefix on the element bearing the exclude-result-prefixes or  xsl:exclude-result-prefixes attribute. The default namespace (as declared by xmlns) may be designated as an excluded namespace by including #default in the list of namespace prefixes. The designation of a namespace as an excluded namespace is effective within the subtree of the stylesheet rooted at the element bearing the exclude-result-prefixes or xsl:exclude-result-prefixes attribute; a subtree rooted at an xsl:stylesheet element does not include any stylesheets imported or included by children of that xsl:stylesheet element.</standard>
    </attribute>

    <attribute name="extension-element-prefixes" occurence="optional" standardAnchor="extension-element">
      <standard>A namespace is designated as an extension namespace by using an extension-element-prefixes attribute on an xsl:stylesheet element or an xsl:extension-element-prefixes attribute on a literal result element or extension element. The value of both these attributes is a whitespace-separated list of namespace prefixes. The namespace bound to each of the prefixes is designated as an extension namespace. It is an error if there is no namespace bound to the prefix on the element bearing the extension-element-prefixes or xsl:extension-element-prefixes attribute. The default namespace (as declared by xmlns) may be designated as an extension namespace by including #default in the list of namespace prefixes. The designation of a namespace as an extension namespace is effective within the subtree of the stylesheet rooted at the element bearing the extension-element-prefixes or xsl:extension-element-prefixes attribute; a subtree rooted at an xsl:stylesheet element does not include any stylesheets imported or included by children of that xsl:stylesheet element.</standard>
    </attribute>

    <attribute name="id" occurence="optional" standardAnchor="stylesheet-element">
      <standard></standard>
    </attribute>

    <attribute name="version" occurence="required" standardAnchor="stylesheet-element">
<standard>An xsl:stylesheet element must have a version attribute, indicating the version of XSLT that the stylesheet requires.
 For this version of XSLT, the value should be 1.0. When the value is not equal to 1.0, forwards-compatible processing mode is enabled </standard>

    </attribute>
    <standard></standard>
  </element>

  <element name="template" standardAnchor="section-Defining-Template-Rules">
    <attribute name="match" occurence="optional" standardAnchor="section-Defining-Template-Rules">
      <standard>The match attribute is a Pattern that identifies the source node or nodes to which the rule applies. The match attribute is required unless the xsl:template element has a name attribute. It is an error for the value of the match attribute to contain a VariableReference. </standard>
    </attribute>
    <attribute name="name" occurence="optional" standardAnchor="named-templates">
      <standard>An xsl:template element with a name attribute specifies a named template. If an xsl:template element has a name attribute, it may, but need not, also have a match attribute.</standard>
    </attribute>
    <attribute name="priority" occurence="optional" standardAnchor="conflict">
      <standard>The priority of a template rule is specified by the priority attribute on the template rule. The value of this must be a real number (positive or negative).</standard>
    </attribute>
    <attribute name="mode" occurence="optional" standardAnchor="modes">
      <standard>Both xsl:template and xsl:apply-templates have an optional mode attribute. If xsl:template does not have a match attribute, it must not have a mode attribute. If an xsl:apply-templates element has a mode attribute, then it applies only to those template rules from xsl:template elements that have a mode attribute with the same value; if an xsl:apply-templates element does not have a mode attribute, then it applies only to those template rules from xsl:template elements that do not have a mode attribute.</standard>
    </attribute>
    <standard>A template rule is specified with the xsl:template element. The match attribute is a Pattern that identifies the source node or nodes to which the rule applies. The match attribute is required unless  the xsl:template element has a name attribute ]). It is an error for the value of the match attribute to contain a VariableReference. The content of the xsl:template element is the template that is instantiated when the template rule is applied.</standard>
  </element>

  <element name="text" standardAnchor="element-text">
    <attribute name="disable-output-escaping" occurence="optional" standardAnchor="disable-output-escaping">
      <standard>An xsl:value-of or xsl:text element may have a disable-output-escaping attribute; the allowed values are yes or no; the default is no; if the value is yes, then a text node generated by instantiating the xsl:value-of or xsl:text element should be output without any escaping. </standard>
    </attribute>
    <standard>Literal data characters may also be wrapped in an xsl:text element. This wrapping may change what whitespace characters are stripped (see [3.4 Whitespace Stripping]) but does not affect how the characters are handled by the XSLT processor thereafter.</standard>
  </element>

  <element name="value-of" standardAnchor="element-value-of">
    <attribute name="select" occurence="required" standardAnchor="element-value-of">
      <standard>The required select attribute is an expression; this expression is evaluated and the resulting object is converted  to a string as if by a call to the string function. The string specifies the string-value of the created text node. If the string is empty, no text node will be created. The created text node will be merged with any adjacent text nodes.</standard>
    </attribute>
    <attribute name="disable-output-escaping" occurence="optional" standardAnchor="disable-output-escaping">
      <standard>An xsl:value-of or xsl:text element may have a disable-output-escaping attribute; the allowed values are yes or no; the default is no; if the value is yes, then a text node generated by instantiating the xsl:value-of or xsl:text element should be output without any escaping. </standard>
    </attribute>
    <standard>The xsl:value-of element is instantiated to create a text node in the result tree. The required select attribute is an expression; this expression is evaluated and the resulting object is converted to a string as if by a call to the string function. The string specifies the string-value of the created text node. If the string is empty, no text node will be created. The created text node will be merged with any adjacent text nodes.</standard>
  </element>

  <element name="variable" standardAnchor="element-variable">
    <attribute name="name" occurence="required" standardAnchor="element-variable">
      <standard>A required name attribute  specifies the name of the variable.</standard>
    </attribute>
    <attribute name="select" occurence="optional" standardAnchor="variable-values">
      <standard>If the variable-binding element has a select attribute, then the value of the attribute must be an expression and the value of the variable is the object that results from evaluating the expression. In this case, the content must be empty.</standard>
    </attribute>
    <standard>A variable is a name that may be bound to a value. The value to which a variable is bound (the value of the variable) can be an object of any of the types that can be returned by expressions. There are two elements that can be used to bind variables: xsl:variable and xsl:param. The difference is that the value specified on the xsl:param variable is only a default value for the binding; when the template or stylesheet within which the xsl:param element occurs is invoked, parameters may be passed that are used in place of the default values.For any use of these variable-binding elements, there is a region of the stylesheet tree within which the binding is visible; within this region, any binding of the variable that was visible on the variable-binding element itself is hidden. Thus, only the innermost binding of a variable is visible. The set of variable bindings in scope for an expression consists of those bindings that are visible at the point in the stylesheet where the expression occurs.</standard>
  </element>


  <element name="when" standardAnchor="element-choose">
    <attribute name="test" occurence="required" standardAnchor="element-choose">
      <standard>Each xsl:when element has a single attribute, test, which specifies an expression. </standard>
    </attribute>
    <standard>The xsl:choose element selects one among a number of possible alternatives. It consists of a sequence of xsl:when elements followed by an optional xsl:otherwise element. Each xsl:when element has a single attribute, test, which specifies an expression. The content of the xsl:when and xsl:otherwise elements is a template. When an xsl:choose element is processed, each of the xsl:when elements is tested in turn, by evaluating the expression and converting the resulting object to a boolean as if by a call to the boolean function. The content of the first, and only the first, xsl:when element whose test is true is instantiated. If no xsl:when is true, the content of the xsl:otherwise element is instantiated. If no xsl:when element is true, and no xsl:otherwise element is present, nothing is created.</standard>
  </element>


  <element name="with-param" standardAnchor="element-with-param">
    <attribute name="name" occurence="required" standardAnchor="element-with-param">
      <standard>The required name attribute specifies the name of the parameter (the variable the value of whose binding is to be
        replaced).</standard>
    </attribute>
    <attribute name="select" occurence="optional" standardAnchor="variable-values">
      <standard>If the variable-binding element has a select attribute, then the value of the attribute must be an expression and the value of the variable is the object that results from evaluating the expression. In this case, the content must be empty.</standard>
    </attribute>
    <standard>Parameters are passed to templates using the xsl:with-param element. The required name attribute specifies the name of the parameter (the variable the value of whose binding is to be replaced). The value of the name attribute is a QName, which is expanded as described in [2.4 Qualified Names]. xsl:with-param is allowed within both xsl:call-template and xsl:apply-templates. The value of the parameter is specified in the same way as for xsl:variable and xsl:param. The current node and current node list used for computing the value specified by xsl:with-param element is the same as that used for the xsl:apply-templates or xsl:call-template element within which it occurs. It is not an error to pass a parameter x to a template that does not have an xsl:param element for x; the parameter is simply ignored.</standard>
  </element>

</xsltElements>

