<!DOCTYPE xsltFunctions SYSTEM "functions.dtd">

<xsltFunctions>
  <function standardAnchor="function-current" name="current" return="node-set">
    <standard>The current function returns a node-set that has the current node as its only member. For an outermost expression (an expression not occurring within another expression), the current node is always the same as the context node. </standard>
  </function>


  <function standardAnchor="document" name="document" return="node-set">
    <argument type="object" occur="once"/>
    <argument type="node-set" occur="zero-once"/>
    <standard>The document function allows access to XML documents other than the main source document. When the document function has exactly one argument and the argument is a node-set, then the result is the union, for each node in the argument node-set, of the result of calling the document function with the first argument being the string-value of the node, and the second argument being a node-set with the node as its only member. When the document function has two arguments and the first argument is a node-set, then the result is the union, for each node in the argument node-set, of the result of calling the document function with the first argument being the string-value of the node, and with the second argument being the second argument passed to the document function. When the first argument to the document function is not a node-set, the first argument is converted to a string as if by a call to the string function. This string is treated as a URI reference; the resource identified by the URI is retrieved. The data resulting from the retrieval action is parsed as an XML document and a tree is constructed in accordance with the data model (see [3 Data Model]). If there is an error retrieving the resource, then the XSLT processor may signal an error; if it does not signal an error, it must recover by returning an empty node-set. One possible kind of retrieval error is that the XSLT  processor does not support the URI scheme used by the URI. An XSLT processor is not required to support any particular URI schemes. The documentation for an XSLT processor should specify which URI schemes the XSLT processor supports.
</standard>
  </function>

  <function standardAnchor="function-element-available" name="element-available" return="boolean">
    <argument type="string" occur="once"/>
    <standard>The argument must evaluate to a string that is a QName. The QName is expanded into an expanded-name using the namespace declarations in scope for the expression. The element-available function returns true if and only if the expanded-name is the name of an instruction. If the expanded-name has a namespace URI equal to the XSLT namespace URI, then it refers to an element defined by XSLT. Otherwise, it refers to an extension element. If the expanded-name has a null namespace URI, the element-available function will return false.</standard>
  </function>

  <function standardAnchor="format-number" name="format-number" return="string">
    <argument type="number" occur="once"/>
    <argument type="string" occur="once"/>
    <argument type="string" occur="zero-once"/>
    <standard>The format-number function converts its first argument to a string using the format pattern string specified by the second argument and the decimal-format named by the third argument, or the default decimal-format, if there is no third argument. The format pattern string is in the syntax specified by the JDK 1.1 DecimalFormat class. The format pattern string is in a localized notation: the decimal-format determines what characters have a special meaning in the pattern (with the exception of the quote character, which is not localized). The format pattern must not contain the currency sign (#x00A4); </standard>
  </function>

  <function standardAnchor="function-function-available" name="function-available" return="boolean">
    <argument type="string" occur="once"/>
    <standard>The argument must evaluate to a string that is a QName. The QName is expanded into an expanded-name using the namespace declarations in scope for the expression. The function-available function returns true if and only if the expanded-name is the name of a function in the function library. If the expanded-name has a non-null namespace URI, then it refers to an extension function; otherwise, it refers to a function defined by XPath or XSLT.</standard>
  </function>

  <function standardAnchor="function-key" name="key" return="node-set">
    <argument type="string" occur="once"/>
    <argument type="object" occur="once"/>
    <standard>The key function does for keys what the id function does for IDs. The first argument specifies the name of the key. The value of the argument must be a QName. When the second argument to the key function is of type node-set, then the result is the union of the result of applying the key function to the string value of each of the nodes in the argument node-set. When the second argument to key is of any other type, the argument is converted to a string as if by a call to the string function; it returns a node-set containing the nodes in the same document as the context node that have a value for the named key equal to this string.</standard>
  </function>

  <function standardAnchor="function-generate-id" name="generate-id" return="string">
    <argument type="node-set" occur="zero-once"/>
    <standard>The generate-id function returns a string that uniquely identifies the node in the argument node-set that is first in document order. The unique identifier must consist of ASCII alphanumeric characters and must start with an alphabetic character. Thus, the string is syntactically an XML name. An implementation is free to generate an identifier in any convenient way provided that it always generates the same identifier for the same node and that different identifiers are always generated from different nodes. An implementation is under no obligation to generate the same identifiers each time a document is transformed. There is no guarantee that a generated unique identifier will be distinct from any unique IDs specified in the source document. If the argument node-set is empty, the empty string is returned. If the argument is omitted, it defaults to the context node.
</standard>
  </function>

  <function standardAnchor="function-system-property" name="system-property" return="object">
    <argument type="string" occur="once"/>
    <standard>The argument must evaluate to a string that is a QName. The QName is expanded into a name using the namespace declarations in scope for the expression. The system-property function returns an object representing the value of the system property identified by the name. If there is no such system property, the empty string should be returned. Implementations must provide the following system properties, which are all in the XSLT namespace: xsl:version, a number giving the version of XSLT implemented by the processor; for XSLT processors implementing the version of XSLT specified by this document, this is the number 1.0, xsl:vendor, a string identifying the vendor of the XSLT processor, xsl:vendor-url, a string containing a URL identifying the vendor of the XSLT processor; typically this is the host page (home page) of the vendor's Web site. </standard>
  </function>

  <function standardAnchor="function-unparsed-entity-uri" name="unparsed-entity-uri" return="string">
    <argument type="string" occur="once"/>
    <standard>The unparsed-entity-uri returns the URI of the unparsed entity with the specified name in the same document as the context node. It returns the empty string if there is no such entity.</standard>
  </function>
</xsltFunctions>



